[
    {
        "customer_name": "Alex Campbell",
        "customer_image": "avatar-12.jpg",
        "customer_mobile": "9876543210",
        "customer_email": "alexcampbell@example.com",
        "amount_due": "-",
        "registered_on": "30 Mar 2020",
        "status": "Active"
    },
    {
        "customer_name": "Barbara Moore ",
        "customer_image": "avatar-04.jpg",
        "customer_mobile": "9876543210",
        "customer_email": "barbaramoore@example.com",
        "amount_due": "$8295",
        "registered_on": "24 Oct 2020",
        "status": "Active"
    },
    {
        "customer_name": "Brian Johnson",
        "customer_image": "avatar-02.jpg",
        "customer_mobile": "9876543210",
        "customer_email": "brianjohnson@example.com",
        "amount_due": "$295",
        "registered_on": "16 Nov 2020",
        "status": "Active"
    },
    {
        "customer_name": "Greg Lynch ",
        "customer_image": "avatar-05.jpg",
        "customer_mobile": "9876543210",
        "customer_email": "greglynch@example.com",
        "amount_due": "$3000",
        "registered_on": "11 Oct 2020",
        "status": "Inactive"
    },
    {
        "customer_name": "Jennifer Floyd",
        "customer_image": "avatar-11.jpg",
        "customer_mobile": "9876543210",
        "customer_email": "jenniferfloyd@example.com",
        "amount_due": "-",
        "registered_on": "17 Apr 2020",
        "status": "Active"
    },
    {
        "customer_name": "John Blair",
        "customer_image": "avatar-07.jpg",
        "customer_mobile": "9876543210",
        "customer_email": "johnblair@example.com",
        "amount_due": "$50",
        "registered_on": "13 Aug 2020",
        "status": "Active"
    },
    {
        "customer_name": "Joseph Collins ",
        "customer_image": "avatar-06.jpg",
        "customer_mobile": "9876543210",
        "customer_email": "josephcollins@example.com",
        "amount_due": "$600",
        "registered_on": "9 May 2020",
        "status": "Active"
    },
    {
        "customer_name": "Karlene Chaidez",
        "customer_image": "avatar-07.jpg",
        "customer_mobile": "9876543210",
        "customer_email": "karlenechaidez@example.com",
        "amount_due": "-",
        "registered_on": "29 Sep 2020",
        "status": "Inactive"
    },
    {
        "customer_name": "Leatha Bailey",
        "customer_image": "avatar-09.jpg",
        "customer_mobile": "9876543210",
        "customer_email": "leathabailey@example.com",
        "amount_due": "$480",
        "registered_on": "20 Jun 2020",
        "status": "Active"
    },
    {
        "customer_name": "Marine Canales",
        "customer_image": "avatar-03.jpg",
        "customer_mobile": "9876543210",
        "customer_email": "mariecanales@example.com",
        "amount_due": "$1750",
        "registered_on": "8 Nov 2020",
        "status": "Inactive"
    },
    {
        "customer_name": "Russell Copeland",
        "customer_image": "avatar-08.jpg",
        "customer_mobile": "9876543210",
        "customer_email": "russellcopeland@example.com",
        "amount_due": "$1750",
        "registered_on": "2 Jul 2020",
        "status": "Inactive"
    },
    {
        "customer_name": "Wendell Ward ",
        "customer_image": "avatar-03.jpg",
        "customer_mobile": "9876543210",
        "customer_email": "wendellward@example.com",
        "amount_due": "$7500",
        "registered_on": "22 Feb 2020",
        "status": "Active"
    }
]