[
    
    {
        "id": 1,
        "name": "Airi Satou",
        "position": "Accountant",
        "office": "Tokyo",
        "age": "33",
        "startdate": "2008/11/28",
        "salary": "$162,700"
    },
    {
        "id": 2,
        "name": "Angelica Ramos",
        "position": "Chief Executive Officer(CEO)",
        "office": "London",
        "age": "47",
        "startdate": "2009/10/09",
        "salary": "$1,200,000"
    },
    {
        "id": 3,
        "name": "Ashton Cox",
        "position": "Junior Technical Author",
        "office": "San Francisco",
        "age": "66",
        "startdate": "2009/01/12",
        "salary": "$86,000"
    },
    {
        "id": 4,
        "name": "Bradley Greer",
        "position": "Software Engineer",
        "office": "London",
        "age": "41",
        "startdate": "2012/10/13",
        "salary": "$132,000"
    },
    {
        "id": 5,
        "name": "Brenden Wagner",
        "position": "Software Engineer",
        "office": "San Francisco",
        "age": "28",
        "startdate": "2011/06/07",
        "salary": "$206,850"
    },
    {
        "id": 6,
        "name": "Brielle Williamson",
        "position": "Integeration Specialist",
        "office": "New York",
        "age": "61",
        "startdate": "2012/12/02",
        "salary": "$372,000"
    },
    {
        "id": 7,
        "name": "Caesar Vance",
        "position": "Pre-sales Support",
        "office": "New York",
        "age": "21",
        "startdate": "2011/12/12",
        "salary": "$106,450"
    },
    {
        "id": 8,
        "name": "Cedric Kelly",
        "position": "Senior Javascript Developer",
        "office": "Edinburgh",
        "age": "22",
        "startdate": "2012/03/29",
        "salary": "$433,060"
    },
    {
        "id": 9,
        "name": "Charde Marshall",
        "position": "Regional Director",
        "office": "San Francisco",
        "age": "36",
        "startdate": "2008/10/16",
        "salary": "$470,600"
    },
    {
        "id": 10,
        "name": "Colleen Hurst",
        "position": "Javascript Developer",
        "office": "San Francisco",
        "age": "39",
        "startdate": "2009/09/15",
        "salary": "$205,500"
    }
]