[
    {
        "id": 1,
        "estimate_number": "EST-17ER281",
        "customer_name": " Marie Canales",
        "customer_image": "avatar-03.jpg",
        "estimated_date": "16 Nov 2020",
        "expiry_date": "22 Nov 2020",
        "amount": "$100",
        "status": "Accepted"
    },
    {
        "id": 2,
        "estimate_number": "EST-26AS699",
        "customer_name": "Barbara Moore",
        "customer_image": "avatar-04.jpg",
        "estimated_date": "5 Nov 2020",
        "expiry_date": "10 Nov 2020",
        "amount": "$75",
        "status": "Declined"
    },
    {
        "id": 3,
        "estimate_number": "EST-11KI214",
        "customer_name": "Greg Lynch",
        "customer_image": "avatar-05.jpg",
        "estimated_date": "1 Nov 2020",
        "expiry_date": "5 Nov 2020",
        "amount": "$175",
        "status": "Sent"
    },
    {
        "id": 4,
        "estimate_number": "EST-98HJ687",
        "customer_name": "Karlene Chaidez",
        "customer_image": "avatar-06.jpg",
        "estimated_date": "24 Oct 2020",
        "expiry_date": "28 Oct 2020",
        "amount": "$1500",
        "status": "Expired"
    },
    {
        "id": 5,
        "estimate_number": "EST-71DR001",
        "customer_name": " John Blair",
        "customer_image": "avatar-07.jpg",
        "estimated_date": "12 Oct 2020",
        "expiry_date": "17 Oct 2020",
        "amount": "$2350",
        "status": "Accepted"
    },
    {
        "id": 6,
        "estimate_number": "EST-68MN425",
        "customer_name": "Russell Copeland",
        "customer_image": "avatar-08.jpg",
        "estimated_date": "2 Oct 2020",
        "expiry_date": "8 Oct 2020",
        "amount": "$1890",
        "status": "Accepted"
    },
    {
        "id": 7,
        "estimate_number": "EST-86YU963",
        "customer_name": " Leatha Bailey",
        "customer_image": "avatar-09.jpg",
        "estimated_date": "25 Sep 2020",
        "expiry_date": "30 Sep 2020",
        "amount": "$785",
        "status": "Accepted"
    }
]