[
    {
        "id": 1,
        "category": "Advertising",
        "customer_name": "Barbara Moore",
        "customer_image": "avatar-04.jpg",
        "expense_date" : "15 Nov 2020",
        "notes": "Lorem ipsum dollar...",
        "amount": "$145",
        "status": "Approved"
    },
    {
        "id": 2,
        "category": "Food",
        "customer_name": "Russell Copeland",
        "customer_image": "avatar-08.jpg",
        "expense_date" : "19 Sep 2020",
        "notes": "Lorem ipsum dollar...",
        "amount": "$214",
        "status": "Pending"
    },
    {
        "id": 3,
        "category": "Marketing",
        "customer_name": " Brian Johnson",
        "customer_image": "avatar-02.jpg",
        "expense_date" : "11 Nov 2020",
        "notes": "Lorem ipsum dollar...",
        "amount": "$254",
        "status": "Pending"
    },
    {
        "id": 4,
        "category": "Repairs",
        "customer_name": " Marie Canales",
        "customer_image": "avatar-03.jpg",
        "expense_date" : "3 Oct 2020",
        "notes": "Lorem ipsum dollar...",
        "amount": "$60",
        "status": "Pending"
    },
    {
        "id": 5,
        "category": "Software",
        "customer_name": "Greg Lynch",
        "customer_image": "avatar-05.jpg",
        "expense_date" : "23 Oct 2020",
        "notes": "Lorem ipsum dollar...",
        "amount": "$145",
        "status": "Approved"
    },
    {
        "id": 6,
        "category": "Stationary",
        "customer_name": "John Blair",
        "customer_image": "avatar-07.jpg",
        "expense_date" : "29 Sep 2020",
        "notes": "Lorem ipsum dollar...",
        "amount": "$154",
        "status": "Pending"
    },
    {
        "id": 7,
        "category": "Travel",
        "customer_name": " Karlene Chaidez",
        "customer_image": "avatar-06.jpg",
        "expense_date" : "9 Oct 2020",
        "notes": "Lorem ipsum dollar...",
        "amount": "$75",
        "status": "Approved"
    }
]