[
    {
        "invoiceno": "IN093439#@09",
        "date": "16 Mar 2022",
        "img": "avatar-04.jpg",
        "name": "Barbara Moore",
        "amt": "$1,54,220",
        "date1": "23 Mar 2022",
        "date2": "28 Mar 2022",
        "month": "14 Months",
        "status": "Active"
    },
    {
        "invoiceno": "IN093439#@10",
        "date": "14 Mar 2022",
        "img": "avatar-06.jpg",
        "name": "Karlene Chaidez",
        "amt": "$1,222",
        "date1": "18 Mar 2022",
        "date2": "20 Mar 2022",
        "month": "12 Months",
        "status": "Expired"
    },
    {
        "invoiceno": "IN093439#@11",
        "date": "7 Mar 2022",
        "img": "avatar-08.jpg",
        "name": "Russell Copeland",
        "amt": "$3,470",
        "date1": "10 Mar 2022",
        "date2": "18 Mar 2022",
        "month": "08 Months",
        "status": "Active"
    },
    {
        "invoiceno": "IN093439#@12",
        "date": "24 Mar 2022",
        "img": "avatar-10.jpg",
        "name": "Joseph Collins",
        "amt": "$8,265",
        "date1": "15 Mar 2022",
        "date2": "22 Mar 2022",
        "month": "10 Months",
        "status": "Expired"
    },
    {
        "invoiceno": "IN093439#@13",
        "date": "17 Mar 2022",
        "img": "avatar-11.jpg",
        "name": "Jennifer Floyd",
        "amt": "$5,200",
        "date1": "20 Mar 2022",
        "date2": "31 Mar 2022",
        "month": "03 Months",
        "status": "Active"
    }
]