[
    {
      "Name": "GoMechanic Neutron 600...",
      "Pricing": "$1,542",
      "Discount": "23",
      "Description": "Lorem ipsum dolor sit amet, consectetur adipiscing elit.",
      "DateAdded": "16 Mar 2022",
      "Action": "Edit",
      "Action1": "Delete"  
    },
    {
      "Name": "Car Wash Shampoo 250ml...",
      "Pricing": "$1,222",
      "Discount": "40",
      "Description": "Lorem ipsum dolor sit amet, consectetur adipiscing elit.",
      "DateAdded": "14 Mar 2022",
      "Action": "Edit",
      "Action1": "Delete"                                                        
    },
    {
      "Name": "Bosch 1300W High Pressure...",
      "Pricing": "$3,470",
      "Discount": "31",
      "Description": "Lorem ipsum dolor sit amet, consectetur adipiscing elit.",
      "DateAdded": "7 Mar 2022",
      "Action": "Edit",
      "Action1": "Delete" 
    },
    {
      "Name": "Clear Coat Spray -Quick Dr...9",
      "Pricing": "$8,265",
      "Discount": "60",
      "Description": "Lorem ipsum dolor sit amet, consectetur adipiscing elit.",
      "DateAdded": "24 Mar 2022",
      "Action": "Edit",
      "Action1": "Delete" 
    },
    {
      "Name": "Aquatak High Pressure Wash.",
      "Pricing": "$5,200",
      "Discount": "50",
      "Description": "Lorem ipsum dolor sit amet, consectetur adipiscing elit.",
      "DateAdded": "17 Mar 2022",
      "Action": "Edit",
      "Action1": "Delete" 
    }
  ]