[
    {
      "Name": "GoMechanic Neutron 600...",
      "Description": "Lorem ipsum dolor sit amet, consectetur adipiscing elit.",
      "DateAdded": "16 Mar 2022",
      "Action": "Edit",
      "Action1": "Delete" 
    },
    {
      "Name": "Car Wash Shampoo 250ml...",
      "Description": "Lorem ipsum dolor sit amet, consectetur adipiscing elit.",
      "DateAdded": "14 Mar 2022",
      "Action": "Edit",
      "Action1": "Delete" 
    },
    {
      "Name": "Bosch 1300W High Pressure...",
      "Description": "Lorem ipsum dolor sit amet, consectetur adipiscing elit.",
      "DateAdded": "7 Mar 2022",
      "Action": "Edit",
      "Action1": "Delete" 
    },
    {
      "Name": "Clear Coat Spray -Quick Dr...9",
      "Description": "Lorem ipsum dolor sit amet, consectetur adipiscing elit.",
      "DateAdded": "24 Mar 2022",
      "Action": "Edit",
      "Action1": "Delete" 
    },
    {
      "Name": "Aquatak High Pressure Wash.",
      "Description": "Lorem ipsum dolor sit amet, consectetur adipiscing elit.",
      "DateAdded": "17 Mar 2022",
      "Action": "Edit",
      "Action1": "Delete" 
    }
  ]