[
    {
        "id": 1,
        "invoiceno": "IN093439#@09",
        "category": "Advertising",
        "date": "16 Mar 2022",
        "img": "avatar-04.jpg",
        "name" : "Barbara Moore",
        "amt": "$1,54,220",
        "date1": "23 Mar 2022",
        "status": "Paid"
    },
    {
        "id": 2,
        "invoiceno": "IN093439#@10",
        "category": "Food",
        "date": "14 Mar 2022",
        "img": "avatar-06.jpg",
        "name" : "Karlene Chaidez",
        "amt": "$1,222",
        "date1": "18 Mar 2022",
        "status": "Overdue"
    },
    {
        "id": 3,
        "invoiceno": "IN093439#@11",
        "category": "Marketing",
        "date": "7 Mar 2022",
        "img": "avatar-08.jpg",
        "name" : "Russell Copeland",
        "amt": "$3,470",
        "date1": "10 Mar 2022",
        "status": "Cancelled"
    },
    {
        "id": 4,
        "invoiceno": "IN093439#@12",
        "category": "Repairs",
        "date": "24 Mar 2022",
        "img": "avatar-10.jpg",
        "name" : "Joseph Collins",
        "amt": "$8,265",
        "date1": "30 Mar 2022",
        "status": "Paid"
    },
    {
        "id": 5,
        "invoiceno": "IN093439#@13",
        "category": "Software",
        "date": "17 Mar 2022",
        "img": "avatar-11.jpg",
        "name" : "Jennifer Floyd",
        "amt": "$5,200",
        "date1": "20 Mar 2022",
        "status": "Overdue"
    }
]