[
    {
        "invoiceno": "IN093439#@09",
        "img": "avatar-04.jpg",
        "name": "Barbara Moore",
        "amt": "$1,54,220",
        "date": "16 Mar 2022",
        "date1": "23 Mar 2022",
        "status": "Overdue 7 days"
    },
    {
        "invoiceno": "IN093439#@10",
        "img": "avatar-06.jpg",
        "name": "Karlene Chaidez",
        "amt": "$1,222",
        "date": "14 Mar 2022",
        "date1": "18 Mar 2022",
        "status": "Overdue 4 days"
    },
    {
        "invoiceno": "IN093439#@11",
        "img": "avatar-08.jpg",
        "name": "Russell Copeland",
        "amt": "$3,470",
        "date": "7 Mar 2022",
        "date1": "10 Mar 2022",
        "status": "Overdue 3 days"
    },
    {
        "invoiceno": "IN093439#@12",
        "img": "avatar-10.jpg",
        "name": "Joseph Collins",
        "amt": "$8,265",
        "date": "24 Mar 2022",
        "date1": "30 Mar 2022",
        "status": "Overdue 6 days"
    },
    {
        "invoiceno": "IN093439#@13",
        "img": "avatar-11.jpg",
        "name": "Jennifer Floyd",
        "amt": "$5,200",
        "date": "17 Mar 2022",
        "date1": "20 Mar 2022",
        "status": "Overdue 3 days"
    }
]